-- é›²è¨‚é¤ç³»çµ±è³‡æ–™åº«åˆå§‹åŒ–è…³æœ¬
-- å‰µå»ºè³‡æ–™åº«
CREATE DATABASE IF NOT EXISTS CampusFoodDB
    DEFAULT CHARACTER SET utf8mb4
    DEFAULT COLLATE utf8mb4_unicode_ci;

USE CampusFoodDB;

-- 1. ç”¨æˆ¶è¡¨
CREATE TABLE User (
    UserID INT AUTO_INCREMENT PRIMARY KEY,
    Name VARCHAR(100) NOT NULL,
    Email VARCHAR(100) UNIQUE NOT NULL,
    Phone VARCHAR(20),
    SSOID VARCHAR(50) UNIQUE,
    PasswordHash VARCHAR(255),
    Role ENUM('Admin', 'Store', 'EndUser', 'SystemAdmin', 'ServiceProvider') DEFAULT 'EndUser',
    IsActive BOOLEAN DEFAULT 1,
    LastLogin DATETIME,
    CreatedAt TIMESTAMP DEFAULT CURRENT_TIMESTAMP,
    UpdatedAt TIMESTAMP DEFAULT CURRENT_TIMESTAMP ON UPDATE CURRENT_TIMESTAMP
) ENGINE=InnoDB DEFAULT CHARSET=utf8mb4 COLLATE=utf8mb4_unicode_ci;

-- 2. å•†åº—è¡¨
CREATE TABLE Store (
    StoreID INT AUTO_INCREMENT PRIMARY KEY,
    StoreName VARCHAR(100) NOT NULL,
    Description TEXT,
    PhoneNumber VARCHAR(20),
    Address VARCHAR(255),
    ManagerID INT,
    IsOpen BOOLEAN DEFAULT 1,
    CreatedAt TIMESTAMP DEFAULT CURRENT_TIMESTAMP,
    UpdatedAt TIMESTAMP DEFAULT CURRENT_TIMESTAMP ON UPDATE CURRENT_TIMESTAMP,
    FOREIGN KEY (ManagerID) REFERENCES User(UserID)
) ENGINE=InnoDB DEFAULT CHARSET=utf8mb4 COLLATE=utf8mb4_unicode_ci;

-- 3. èœå–®é …ç›®è¡¨
CREATE TABLE MenuItem (
    MenuItemID INT AUTO_INCREMENT PRIMARY KEY,
    StoreID INT NOT NULL,
    ItemName VARCHAR(100) NOT NULL,
    Description TEXT,
    Price DECIMAL(10, 2) NOT NULL,
    Category VARCHAR(50),
    IsAvailable BOOLEAN DEFAULT 1,
    CreatedAt TIMESTAMP DEFAULT CURRENT_TIMESTAMP,
    UpdatedAt TIMESTAMP DEFAULT CURRENT_TIMESTAMP ON UPDATE CURRENT_TIMESTAMP,
    FOREIGN KEY (StoreID) REFERENCES Store(StoreID)
) ENGINE=InnoDB DEFAULT CHARSET=utf8mb4 COLLATE=utf8mb4_unicode_ci;

-- 4. è¨‚å–®è¡¨
CREATE TABLE Orders (
    OrderID INT AUTO_INCREMENT PRIMARY KEY,
    UserID INT NOT NULL,
    StoreID INT NOT NULL,
    OrderStatus ENUM('Pending', 'Confirmed', 'Preparing', 'Ready', 'Delivered', 'Cancelled') DEFAULT 'Pending',
    TotalAmount DECIMAL(10, 2) NOT NULL,
    DeliveryAddress VARCHAR(255),
    DeliveryTime DATETIME,
    Notes TEXT,
    CreatedAt TIMESTAMP DEFAULT CURRENT_TIMESTAMP,
    UpdatedAt TIMESTAMP DEFAULT CURRENT_TIMESTAMP ON UPDATE CURRENT_TIMESTAMP,
    FOREIGN KEY (UserID) REFERENCES User(UserID),
    FOREIGN KEY (StoreID) REFERENCES Store(StoreID)
) ENGINE=InnoDB DEFAULT CHARSET=utf8mb4 COLLATE=utf8mb4_unicode_ci;

-- 5. è¨‚å–®é …ç›®è¡¨
CREATE TABLE OrderItem (
    OrderItemID INT AUTO_INCREMENT PRIMARY KEY,
    OrderID INT NOT NULL,
    MenuItemID INT NOT NULL,
    Quantity INT NOT NULL DEFAULT 1,
    Price DECIMAL(10, 2) NOT NULL,
    Notes TEXT,
    CreatedAt TIMESTAMP DEFAULT CURRENT_TIMESTAMP,
    FOREIGN KEY (OrderID) REFERENCES Orders(OrderID),
    FOREIGN KEY (MenuItemID) REFERENCES MenuItem(MenuItemID)
) ENGINE=InnoDB DEFAULT CHARSET=utf8mb4 COLLATE=utf8mb4_unicode_ci;

-- 6. æ”¯ä»˜è¨˜éŒ„è¡¨
CREATE TABLE Payment (
    PaymentID INT AUTO_INCREMENT PRIMARY KEY,
    OrderID INT NOT NULL,
    Amount DECIMAL(10, 2) NOT NULL,
    PaymentMethod ENUM('Cash', 'Card', 'Mobile') DEFAULT 'Cash',
    PaymentStatus ENUM('Pending', 'Completed', 'Failed', 'Refunded') DEFAULT 'Pending',
    TransactionID VARCHAR(100),
    CreatedAt TIMESTAMP DEFAULT CURRENT_TIMESTAMP,
    UpdatedAt TIMESTAMP DEFAULT CURRENT_TIMESTAMP ON UPDATE CURRENT_TIMESTAMP,
    FOREIGN KEY (OrderID) REFERENCES Orders(OrderID)
) ENGINE=InnoDB DEFAULT CHARSET=utf8mb4 COLLATE=utf8mb4_unicode_ci;

-- 7. è©•è«–è¡¨
CREATE TABLE Review (
    ReviewID INT AUTO_INCREMENT PRIMARY KEY,
    UserID INT,
    OrderID INT NOT NULL,
    Rating INT CHECK (Rating >= 1 AND Rating <= 5),
    Comment TEXT,
    CreatedAt TIMESTAMP DEFAULT CURRENT_TIMESTAMP,
    UpdatedAt TIMESTAMP DEFAULT CURRENT_TIMESTAMP ON UPDATE CURRENT_TIMESTAMP,
    FOREIGN KEY (UserID) REFERENCES User(UserID) ON DELETE SET NULL,
    FOREIGN KEY (OrderID) REFERENCES Orders(OrderID)
) ENGINE=InnoDB DEFAULT CHARSET=utf8mb4 COLLATE=utf8mb4_unicode_ci;

-- å»ºç«‹ç´¢å¼•
CREATE INDEX idx_user_email ON User(Email);
CREATE INDEX idx_user_ssoid ON User(SSOID);
CREATE INDEX idx_store_isopen ON Store(IsOpen);
CREATE INDEX idx_menuitem_store ON MenuItem(StoreID);
CREATE INDEX idx_menuitem_available ON MenuItem(IsAvailable);
CREATE INDEX idx_orders_user ON Orders(UserID);
CREATE INDEX idx_orders_store ON Orders(StoreID);
CREATE INDEX idx_orders_status ON Orders(OrderStatus);
CREATE INDEX idx_orderitem_order ON OrderItem(OrderID);
CREATE INDEX idx_review_order ON Review(OrderID);
CREATE INDEX idx_review_user ON Review(UserID);

-- ==================== ç¤ºä¾‹è³‡æ–™ ====================

INSERT INTO User (Name, Email, Phone, SSOID, PasswordHash, Role, IsActive) VALUES 
('ç®¡ç†å“¡', 'admin@yuntech.edu.tw', '0912345678', 'admin001', 'admin123', 'SystemAdmin', 1),
('è¶…ç´šé¦™è‡ªåŠ©é¤', 'store1@gmail.com', '0912345679', 'store001', 'store123', 'ServiceProvider', 1),
('äºŒè˜­æ‹‰éºµ', 'store2@gmail.com', '0912345680', 'store002', 'store123', 'ServiceProvider', 1),
('ç§¦æ¥·ç¿”', 'A11423007@yuntech.edu.tw', '0912345678', 'A11423007', '123456', 'EndUser', 1),
('è˜‡æ€¡ç”„', 'A11423011@yuntech.edu.tw', '0912345679', 'A11423011', '123456', 'EndUser', 1),
('æž—æ€å¦¤', 'A11423017@yuntech.edu.tw', '0912345680', 'A11423017', '123456', 'EndUser', 1),
('æ½˜å¦è¯', 'A11423020@yuntech.edu.tw', '0912345681', 'A11423020', '123456', 'EndUser', 1);


-- æ’å…¥å•†åº—
INSERT INTO Store (StoreName, Description, PhoneNumber, Address, ManagerID, IsOpen) VALUES 
('é›²æž—é£Ÿå ‚', 'æä¾›æ–°é®®ä¾¿ç•¶å’Œé£²å“', '05-5342210', 'é›²æž—ç¸£æ–—å…­å¸‚å¤§å­¸è·¯ä¸‰æ®µ 123 è™Ÿ', 5, 1),
('ç¾Žå‘³å°å»š', 'ç‰¹è‰²å®¶å¸¸èœå’Œæ¹¯å“', '05-5342211', 'é›²æž—ç¸£æ–—å…­å¸‚å¤§å­¸è·¯ä¸‰æ®µ 123 è™Ÿ', 5, 1),
('å¿«é€Ÿé¤å»³', 'é€Ÿå‡é£Ÿå“å’Œå¿«é¤', '05-5342212', 'é›²æž—ç¸£æ–—å…­å¸‚å¤§å­¸è·¯ä¸‰æ®µ 123 è™Ÿ', 5, 1),
('å¥åº·ç¶ é£Ÿ', 'ç´ é£Ÿå’Œå¥åº·é¤é»ž', '05-5342213', 'é›²æž—ç¸£æ–—å…­å¸‚å¤§å­¸è·¯ä¸‰æ®µ 123 è™Ÿ', 5, 1),
('è¶…ç´šé¦™è‡ªåŠ©é¤', 'ç¶“å…¸å°å¼è‡ªåŠ©é¸èœï¼Œåƒ¹æ ¼å¯¦æƒ ', '05-5342288', 'é›²æž—ç¸£æ–—å…­å¸‚å¤§å­¸è·¯ä¸‰æ®µ666è™Ÿ', 2, 1),
('äºŒè˜­æ‹‰éºµ', 'æ—¥å¼æ‹‰éºµèˆ‡ä¸¼é£¯å°ˆè³£ï¼Œæ¹¯é ­æ¿ƒéƒ', '05-5342277', 'é›²æž—ç¸£æ–—å…­å¸‚å¤§å­¸è·¯ä¸‰æ®µ888è™Ÿ', 3, 1);



-- æ’å…¥èœå–®é …ç›® - é›²æž—é£Ÿå ‚
INSERT INTO MenuItem (StoreID, ItemName, Description, Price, Category, IsAvailable) VALUES
(1, 'å¤æ—©å‘³æ»·è‚‰é£¯', 'å‚³çµ±æ»·è‚‰æ­é…é¦™ç±³é£¯', 45.00, 'ä¸»é£Ÿ', 1),
(1, 'æ‹›ç‰ŒæŽ’éª¨é£¯', 'é…¥è„†æŽ’éª¨é…è±å¯Œé…èœ', 55.00, 'ä¸»é£Ÿ', 1),
(1, 'è›‹èŠ±æ¹¯', 'æ¸…æ¹¯è›‹èŠ±çˆ½å£æ¸…æ–°', 25.00, 'æ¹¯å“', 1),
(1, 'ç´…èŒ¶', 'å†¬ç“œç´…èŒ¶æ¸…æ¶¼è§£æ¸´', 35.00, 'é£²å“', 1);

-- æ’å…¥èœå–®é …ç›® - ç¾Žå‘³å°å»š
INSERT INTO MenuItem (StoreID, ItemName, Description, Price, Category, IsAvailable) VALUES
(2, 'ç´…ç‡’è‚‰é£¯', 'è‚¥ç˜¦é©ä¸­è»Ÿå«©å…¥å‘³', 50.00, 'ä¸»é£Ÿ', 1),
(2, 'æ¸…è’¸é­šé£¯', 'é®®ç¾Žæ¸…è’¸é­šè‚‰å¥åº·', 60.00, 'ä¸»é£Ÿ', 1),
(2, 'è•ƒèŒ„é›žæ¹¯', 'æ¿ƒéƒè•ƒèŒ„é›žæ¹¯æš–èƒƒ', 30.00, 'æ¹¯å“', 1),
(2, 'é’èŒ¶', 'æ¸…çˆ½é’èŒ¶è§£è†©', 30.00, 'é£²å“', 1);

-- æ’å…¥èœå–®é …ç›® - å¿«é€Ÿé¤å»³
INSERT INTO MenuItem (StoreID, ItemName, Description, Price, Category, IsAvailable) VALUES
(3, 'ç‚¸é›žè…¿ä¾¿ç•¶', 'é‡‘é»ƒé¦™è„†ç‚¸é›žè…¿', 50.00, 'ä¸»é£Ÿ', 1),
(3, 'èµ·å¸æ¼¢å ¡', 'èµ·å¸å¤šæ±æ¼¢å ¡', 55.00, 'ä¸»é£Ÿ', 1),
(3, 'è–¯æ¢', 'ç¾ç‚¸è„†è–¯æ¢', 20.00, 'å°é£Ÿ', 1),
(3, 'å¯æ¨‚', 'å†°æ¶¼å¯æ¨‚', 25.00, 'é£²å“', 1);

-- æ’å…¥èœå–®é …ç›® - å¥åº·ç¶ é£Ÿ
INSERT INTO MenuItem (StoreID, ItemName, Description, Price, Category, IsAvailable) VALUES
(4, 'è±†è…ä¾¿ç•¶', 'å¥åº·è±†è…æ­é…é’èœ', 40.00, 'ä¸»é£Ÿ', 1),
(4, 'è•Žéº¥éºµ', 'ç‡Ÿé¤Šè•Žéº¥éºµä½Žå¡', 45.00, 'ä¸»é£Ÿ', 1),
(4, 'ç¶ è‰²è”¬èœæ¹¯', 'æ–°é®®è”¬èœæ¸…æ¹¯', 28.00, 'æ¹¯å“', 1),
(4, 'è”¬æžœæžœæ±', 'æ–°é®®è”¬æžœæžœæ±', 40.00, 'é£²å“', 1);

-- æ’å…¥èœå–®é …ç›® - è¶…ç´šé¦™è‡ªåŠ©é¤
INSERT INTO MenuItem (StoreID, ItemName, Description, Price, Category, IsAvailable) VALUES
(5, 'æŽ§è‚‰é£¯', 'åŽšåˆ‡æŽ§è‚‰é…æ»·è›‹èˆ‡é«˜éº—èœ', 50.00, 'ä¸»é£Ÿ', 1),
(5, 'éº»å©†è±†è…', 'è‡ªå®¶è£½è¾£å‘³éº»å©†è±†è…', 40.00, 'ä¸»é£Ÿ', 1),
(5, 'é…¸è¾£æ¹¯', 'æ–™å¤šå¯¦åœ¨é…¸è¾£æ¹¯', 25.00, 'æ¹¯å“', 1),
(5, 'è±†æ¼¿', 'æ–°é®®ç¾ç£¨è±†æ¼¿', 15.00, 'é£²å“', 1);

-- æ’å…¥èœå–®é …ç›® - äºŒè˜­æ‹‰éºµ
INSERT INTO MenuItem (StoreID, ItemName, Description, Price, Category, IsAvailable) VALUES
(6, 'è±šéª¨æ‹‰éºµ', 'æ¿ƒéƒæ—¥å¼è±šéª¨æ¹¯é ­+å‰ç‡’', 85.00, 'ä¸»é£Ÿ', 1),
(6, 'å‘³å™Œæ‹‰éºµ', 'ç¶“å…¸å‘³å™Œé¢¨å‘³æ‹‰éºµ', 80.00, 'ä¸»é£Ÿ', 1),
(6, 'è¦ªå­ä¸¼', 'é›žè‚‰èˆ‡è›‹ä¸¼é£¯', 70.00, 'ä¸»é£Ÿ', 1),
(6, 'æ—¥å¼ç…Žé¤ƒ', 'çš®è–„é¤¡å¤šçš„ç…Žé¤ƒ', 40.00, 'å°é£Ÿ', 1);


-- æ’å…¥ç¤ºä¾‹è¨‚å–®
INSERT INTO Orders (UserID, StoreID, OrderStatus, TotalAmount, DeliveryAddress) VALUES
(1, 1, 'Pending', 240.00, 'é›²æž—ç¸£æ–—å…­å¸‚å¤§å­¸è·¯ä¸‰æ®µ 456 è™Ÿ'),
(2, 2, 'Confirmed', 180.00, 'é›²æž—ç¸£æ–—å…­å¸‚å¤§å­¸è·¯ä¸‰æ®µ 789 è™Ÿ'),
(3, 3, 'Preparing', 150.00, 'é›²æž—ç¸£æ–—å…­å¸‚å¤§å­¸è·¯ä¸‰æ®µ 321 è™Ÿ'),
(4, 4, 'Ready', 165.00, 'é›²æž—ç¸£æ–—å…­å¸‚å¤§å­¸è·¯ä¸‰æ®µ 654 è™Ÿ');

-- æ’å…¥ç¤ºä¾‹è¨‚å–®é …ç›®
INSERT INTO OrderItem (OrderID, MenuItemID, Quantity, Price) VALUES
(1, 1, 2, 45.00),
(1, 2, 1, 55.00),
(1, 3, 1, 25.00),
(1, 4, 1, 35.00),
(2, 5, 2, 50.00),
(2, 7, 1, 30.00),
(3, 9, 1, 50.00),
(3, 11, 2, 20.00),
(4, 13, 2, 40.00),
(4, 15, 1, 28.00);

-- æ’å…¥ç¤ºä¾‹è©•è«–
INSERT INTO Review (UserID, OrderID, Rating, Comment) VALUES
(1, 1, 5, 'éžå¸¸å¥½åƒï¼Œä¾¿ç•¶ç››å¤§åˆæ–°é®®ï¼ŒæŽ¨è–¦ï¼'),
(2, 2, 4, 'é£Ÿç‰©å¾ˆå¥½åƒï¼Œé…èœä¹Ÿè±å¯Œ'),
(3, 3, 5, 'ç‚¸é›žå¾ˆé¦™è„†ï¼Œé€Ÿåº¦ä¹Ÿå¾ˆå¿«'),
(4, 4, 5, 'å¥åº·åˆç¾Žå‘³ï¼Œä»¥å¾Œé‚„è¦é»ž');

-- æç¤ºä¿¡æ¯
SELECT 'âœ… è³‡æ–™åº«åˆå§‹åŒ–å®Œæˆï¼' as Status;
SELECT 'ðŸ“‹ ç”¨æˆ¶æ•¸é‡ï¼š' as Info, COUNT(*) FROM User;
SELECT 'ðŸª å•†åº—æ•¸é‡ï¼š' as Info, COUNT(*) FROM Store;
SELECT 'ðŸ½ï¸ èœå–®é …ç›®ï¼š' as Info, COUNT(*) FROM MenuItem;
SELECT 'ðŸ“¦ è¨‚å–®æ•¸é‡ï¼š' as Info, COUNT(*) FROM Orders;